Autor(a),ID Lattes do(a) autor(a),Orientadores,ID Lattes dos orientadores,Membros da banca,ID Lattes dos membros da banca,Título,Ano de defesa,Instituição de defesa,Sigla da instituição de defesa,País da instituição de defesa,Departamento da instituição de defesa,Programa de Pós-Graduação da instituição de defesa,Área do conhecimento CNPq,Tipos de acesso,Tipo de documento,Assuntos em português,Assuntos em inglês,Idioma,Resumo,Link de acesso,Resumo em Português,Resumo em Inglês,Referência Bibliográfica
"Tavares Junior, Paulo Roberto Faber",Não informado pela instituição,"Batista, Neusa Chaves||Não informado pela instituição",Não informado pela instituição,Não informado pela instituição,Não informado pela instituição,As disputas no processo de implementação da política de cotas para estudantes negras e negros no ensino médio integrado dos institutos federais : estudo de caso nos campi Canoas e Restinga do IFRS,2024,Universidade Federal do Rio Grande do Sul (UFRGS),UFRGS,Não informado pela instituição,Não informado pela instituição,Não informado pela instituição,Não informado pela instituição,openAccess,doctoralThesis,Ações afirmativas||Ensino médio||Políticas públicas,Não informado pela instituição,por,"Neste estudo de caso, analisamos o contexto da prática na primeira década de implementação da Política de Cotas (2012-2022), para pessoas negras, sejam elas pretas ou pardas, nos campi Canoas e Restinga do IFRS, especificamente nos cursos técnicos de nível médio, na forma integrada ao ensino médio. A reitoria do IFRS também fez parte do campo de análise. Realizamos uma genealogia dos IFs na Rede EPT e sua relação com o tema, a partir de um estudo exploratório de editais e de um Estado da Questão, como parte da justificativa. Entrevistamos, a maioria de forma presencial, 42 pessoas, sendo 26 servidoras (professores/as e técnicos administrativos), que ocupam/ocuparam cargos de gestão (pró-reitorias ou diretorias) e/ou coordenação (setores, comissões, núcleos ou assessorias), vinculados ao processo seletivo e/ou as ações afirmativas. As outras 16 entrevistas foram realizadas com estudantes, cotistas e não cotistas, que aceitaram participar, a partir de convites enviados a todos/as estudantes do 3° e 4° ano. Utilizando a metodologia de Análise do Ciclo de Políticas, de forma intersecional a conceitos como raça, decolonialidade e justiça social, a pesquisa desvelou e analisou a arquitetura institucional, a forma como são construídos tais documentos no IFRS, quais os principais atores/grupos/setores que participam da implementação de forma mais direta (burocratas de nível de rua), quais seus perfis e atuação nas partes pouco discricionárias na Política de Cotas. A tese traz, do mesmo modo, contribuições sobre o contexto de influência da implementação, trazendo, por exemplo, as cotas para pessoas negras existentes em dois campi do IFRS, que diminuíram depois da Lei de Cotas. Também a forma como à reserva de vagas para pessoas negras não tem sido colocada como uma prioridade no IFRS, em detrimento do acesso universal e, inclusive, de outros grupos de AF. A tese analisa os mecanismos de adoção dos procedimentos normativos na sua relação com outras arquiteturas institucionais e os momentos de implementação da política de cotas para estudantes negras e negros no conjunto da Política de Ações Afirmativas do IFRS, a partir da percepção da comunidade acadêmica. Além disto, verifica o processo de construção da normatividade institucional da política, como um elemento potente de promoção de equidade racial no interior da instituição. O trabalho conclui que a implementação da Lei de Cotas no IFRS pode possibilitar apenas parcialmente uma institucionalidade de justiça social e de justiça racial, uma vez que os discentes e servidoras/es negras/os e antirracistas, tiveram pouca ou nenhuma participação efetiva na implementação da política, apesar de constarem na documentação da instituição. Nenhum dos 104 cargos de direção do IFRS foi destinado especificamente ao tema e inexiste um conselho antirracista, de ERER ou equivalente. Ao mesmo tempo, alguns dados quantitativos e entrevistas, deixam nítido que houve, no período, um maior acesso de estudantes negros à instituição, que guardam neles aposta a esperança de construção de um outro momento em que ela própria seja transformada, tornando-se um espaço em que estes estudantes possam sentir-se pertencentes e ela, capaz de produzir uma sociedade mais justa.",http://hdl.handle.net/10183/276887,Não informado pela instituição,Não informado pela instituição,Não informado pela instituição
"Beserra, Jane D’arc Feitosa de Carvalho Alves",http://lattes.cnpq.br/6327179977664808,"Caú, José Nildo Alves||Não informado pela instituição",http://lattes.cnpq.br/4432648278132554||Não informado pela instituição,"Caú, José Nildo Alves||Sousa, Bernardina Santos Araújo de||Cunha, Kátia Silva||Não informado pela instituição||Não informado pela instituição",http://lattes.cnpq.br/4432648278132554||http://lattes.cnpq.br/ 4929110097621126||http://lattes.cnpq.br/8333609070079117||Não informado pela instituição||Não informado pela instituição,Permanência escolar de estudantes cotistas no Ensino Médio Integrado à Educação Profissional: o que revelam os documentos e os sujeitos?,2023,"Instituto Federal de Educação, Ciência e Tecnologia de Pernambuco (IFPE)",IFPE,Brasil,Olinda,"Programa de Pós-Graduação em Educação Profissional e Tecnológica - ProfEPT / Instituto Federal de Educação, Ciência e Tecnologia de Pernambuco - IFPE",CIENCIAS HUMANAS::EDUCACAO::TOPICOS ESPECIFICOS DE EDUCACAO,openAccess,masterThesis,Educação – Aspectos Sociais||Permanência Escolar||Estudantes - desistência||Educação – Cotas||Ensino Médio Integrado||Educação Profissional e Tecnológica,Não informado pela instituição,por,"Essa pesquisa analisa os fatores que favorecem a permanência dos estudantes cotistas no Ensino Médio Integrado à Educação Profissional e Tecnológica (EPT) do Instituto Federal de Educação de Pernambuco (IFPE). O tema da permanência é importante para o desenvolvimento de pesquisas e formulação de políticas e programas educacionais. Com a implementação da Lei nº12.711/2012 e a Lei nº 13.409/2016, chamada de Lei de Cotas, ampliou-se o ingresso nas universidades federais e nas instituições federais de ensino técnico de nível médio dos estudantes oriundos das escolas públicas, pretos, pardos e indígenas e pessoas com deficiência. O problema de pesquisa assinala para a seguinte questão: Quais os fatores externo e interno que contribuem para a permanência escolar dos estudantes cotistas nos Cursos Técnicos de Nível Médio Integrado do IFPE? Optou-se pela abordagem qualitativa de cunho descritiva e explicativa; como instrumento de coleta de dados, foram utilizadas a pesquisa bibliográfica, a pesquisa documental e a pesquisa de campo. A bibliográfica, abordou-se a produção acadêmica do Núcleo de Acesso e Permanência na Educação, utilizou-se do Estado da Arte para mapear a produção acadêmica sobre a Permanência Escolar no Ensino Médio Integrado à Educação Profissional. Na análise documental realizou-se a pesquisa a partir das legislações educacionais em nível nacional e institucional, dando ênfase às normativas que regulamentam o Ensino Médio Integrado à Educação Profissional e estabelece a permanência dos jovens estudantes como um direito. Consultou-se os documentos que norteiam os programas, projetos de ensino, pesquisa, extensão do IFPE. Utilizou-se de questionários com perguntas abertas e fechadas, aplicados com os estudantes que ingressaram pelo sistema de cotas. Concluiu-se que os jovens estudantes relacionam a sua permanência ao esforço pessoal, a interação com os colegas, professores e servidores, aos programas e recursos da Assistência Estudantil, ao apoio da família. Reconhecem a importância dos programas de ensino, pesquisa e extensão, embora poucos tiveram oportunidade de participar efetivamente das atividades, já que esses estudantes iniciaram os cursos na pandemia. Como resultado da pesquisa, foi elaborado o Produto Educacional “Projeto e Protótipo do Site Observatório da Permanência no Ensino Médio Integrado”, sendo avaliado e aprovado pelos servidores, estudantes, pesquisadores e pela comunidade externa",https://repositorio.ifpe.edu.br/xmlui/handle/123456789/1185,Não informado pela instituição,Não informado pela instituição,"BESERRA, Jane D’arc Feitosa de Carvalho Alves. Permanência escolar de estudantes cotistas no Ensino Médio Integrado à Educação Profissional: o que revelam os documentos e os sujeitos? 2023. 183 f. Dissertação (Mestrado Profissional em Educação Profissional e Tecnológica) - Instituto Federal de Educação, Ciência e Tecnologia de Pernambuco IFPE, Campus Olinda, Olinda, 2023."
"Franco, Ana Beatriz Momesso",Não informado pela instituição,"Vilaronga, Carla Ariela Rios||Não informado pela instituição",http://lattes.cnpq.br/6536774151778096||Não informado pela instituição,Não informado pela instituição,Não informado pela instituição,O planejamento educacional para alunos público alvo da educação especial do ensino médio integrado,2021,Universidade Federal de São Carlos (UFSCAR),UFSCAR,Não informado pela instituição,Não informado pela instituição,Programa de Pós-Graduação em Educação Especial - PPGEEs,CIENCIAS HUMANAS::EDUCACAO::PLANEJAMENTO E AVALIACAO EDUCACIONAL||CIENCIAS HUMANAS::EDUCACAO::TOPICOS ESPECIFICOS DE EDUCACAO,openAccess,masterThesis,Educação Especial||Planejamento curricular||Educação Profissional Integrada||Ensino Médio||NAPNE,Special Education||Educational Planning||Integrated High School||Federal Institutes,por,"The National Policy on Special Education in the Perspective of Inclusive Education, in 2008, aimed at the school inclusion of Special Education Target Public (PAEE) students in regular education systems, however, the peak of notoriety about inclusion was given with the publication of the Brazilian Inclusion Law (LBI) in 2015, which reinforces LDB 9394/96 in relation to access and permanence of students with disabilities at all levels of education, with this there was an increase in the number of students with disabilities in all stages of basic education, losing strength when reaching high school. With Law nº 12.711 / 2012, known as the Quotas Law and Law nº 13.409 / 2016, which guarantees the reservation of places for people with disabilities in the technical courses of secondary and higher education at federal educational institutions, this percentage regarding the number of enrollments of PAEE students increased considerably, including access to these students in high school, which made it necessary to think of actions that would contribute to the creation of favorable conditions in the teaching and learning process, as well as their permanence in institutions. In this sense, the present study has the general objective of describing and analyzing the teaching planning for Integrated High School PAEE students in a campus of the Federal Institute of Education, Science and Technology of the State of São Paulo (IFSP) and brings as specific objectives: a) identify the bases and partnerships that occur in the planning for these students, b) analyze the existence of individualized planning and which subjects participated in this process and c) evaluate the advances and challenges experienced by the teachers in the common room at the time of planning the education. The research has as a method the qualitative research with a focus on case study, for that it used concepts from the literature about special education in the perspective of inclusive education, professional and technological education and discussions regarding the planning for student PAEE. The data were collected from semi-structured interviews with nine participants, being the NAPNE coordinator and teachers who teach classes to PAEE students; these interviews were interpreted and related to theories that deal with special education from an inclusive perspective and planning, as well as information from the participants in this research. This study was submitted to and approved by the ethics committee of the Federal University of São Carlos (UFSCar) according to opinion nº 3.539.016. This research had its results discussed according to three categories of analysis: The context of the campus and the Support Center for People with Specific Educational Needs (NAPNE); teaching planning strategies and the role of foundations and partnerships in planning, PAEE students who need accessibility. As a result, it was observed that there are signs of planning for PAEE students on the researched campus in Integrated High School, but the same occurs discontinuously and without much support, even so, there were positive aspects of this planning as the various discussions between teachers and the NAPNE and the efforts to carry out a planning that serves everyone and not just PAEE students. In general, this research showed the importance of the partnership between the special educator and the regular classroom teacher, in order to be a guiding proposal for new critical reflections in favor of the education of everyone involved in the general context of education.",https://repositorio.ufscar.br/handle/20.500.14289/15668,Não informado pela instituição,Não informado pela instituição,"FRANCO, Ana Beatriz Momesso. O planejamento educacional para alunos público alvo da educação especial do ensino médio integrado. 2021. Dissertação (Mestrado em Educação Especial) – Universidade Federal de São Carlos, São Carlos, 2021. Disponível em: https://repositorio.ufscar.br/handle/20.500.14289/15668."
"Silva, Maicon Donizete Andrade",Não informado pela instituição,Não informado pela instituição,Não informado pela instituição,Não informado pela instituição,Não informado pela instituição,A gestão tecnocrática e empresarial nas escolas estaduais de educação profissional integral do Ceará (2008 a 2023),2024,Universidade de Brasília (UnB),UNB,Não informado pela instituição,Não informado pela instituição,Não informado pela instituição,Não informado pela instituição,openAccess,doctoralThesis,Educação básica||Ensino médio integrado||Gestão da educação||Educação profissional,Não informado pela instituição,por,"Tese (doutorado) — Universidade de Brasília, Faculdade de Educação, Programa de Pós-Graduação em Educação, 2024.","SILVA, Maicon Donizete Andrade. A gestão tecnocrática e empresarial nas escolas estaduais de educação profissional integral do Ceará (2008 a 2023) . 2024. 302 f., il. Tese (Doutorado em Educação) — Universidade de Brasília, Brasília, 2024.||http://repositorio.unb.br/handle/10482/51143",Não informado pela instituição,Não informado pela instituição,Não informado pela instituição
"Cabral, Azenilda de Paula",https://lattes.cnpq.br/2105590300776746,"Rodrigues, Kleber Fernando||Não informado pela instituição",http://lattes.cnpq.br/5404409205728691||Não informado pela instituição,"Sousa, Bernardina Santos Araújo de||Torres, Vanessa Cavalcanti de||Rodrigues, Kleber Fernando||Não informado pela instituição||Não informado pela instituição",http://lattes.cnpq.br/4929110097621126||http://lattes.cnpq.br/6232711235861562||http://lattes.cnpq.br/5404409205728691||Não informado pela instituição||Não informado pela instituição,Um olhar sobre a contribuição da Educação Profissional e Tecnológica para o projeto de vida do jovem cotista do IFPE Campus Recife,2024,"Instituto Federal de Educação, Ciência e Tecnologia de Pernambuco (IFPE)",IFPE,Brasil,Olinda,"Programa de Pós Graduação em Educação Profissional e Tecnológica (ProfEPT) - Instituto Federal de Educação, Ciência e Tecnologia de Pernambuco",CIENCIAS HUMANAS::EDUCACAO::TOPICOS ESPECIFICOS DE EDUCACAO,openAccess,masterThesis,Educação – Aspectos Sociais||Educação – Trabalho||Juventude||Ações afirmativas - Cotas raciais||Inclusão||Educação Profissional e Tecnológica||Ensino Médio Integrado,Não informado pela instituição,por,"Esta pesquisa vislumbrou discutir o projeto de vida dos estudantes cotistas afrodescendentes da Educação Profissional e Tecnológica do Ensino Médio integrado do Instituto Federal de Pernambuco, Campus Recife. O referencial bibliográfico foi orientado pela Educação Profissional, Ensino Médio, Juventudes cotistas e Trabalho, que identificam o desejo dos jovens cotistas negros e pardos em sua construção futura, orientados por uma formação holística na preparação para a vida. Propondo o trabalho como princípio educativo, elencando em seus princípios garantias de uma formação unilateral, capaz de gerar sujeitos críticos e colaboradores da transformação social, apoiados nas práticas educativas transversais e interdisciplinares, com vistas à formação integral e inclusiva no mundo do trabalho, através da percepção do referido estudante do ensino médio. O estudo propôs uma abordagem qualitativa, sendo a pesquisa desenvolvida através de levantamento bibliográfico e documental, de acordo com as resoluções, diretrizes e normas que compõem os acervos públicos e discorrem sobre o assunto. Foi utilizada uma entrevista semiestruturada com sete estudantes cotistas afrodescendentes do Ensino Médio Integrado do IFPE, Campus Recife, a fim de identificar a percepção deles sobre as contribuições da Educação Profissional vivenciada e sua emancipação. Foi elaborada uma revista em quadrinhos digital, como produto educacional, contendo uma biografia com a história de vida dos cinco estudantes cotistas afrodescendentes entrevistados, sobre a construção do seu projeto de vida e sua relação com os referenciais bibliográficos e documentais estudados. A testagem desse produto foi realizada pelos discentes entrevistados do IFPE, que terão acesso ao material e avaliarão através de depoimentos se as informações estão pertinentes ao exposto na entrevista. A validação do produto educacional ocorrerá na apresentação final da dissertação.",https://repositorio.ifpe.edu.br/xmlui/handle/123456789/1300,Não informado pela instituição,Não informado pela instituição,"CABRAL, Azenilda de Paula. Um olhar sobre a contribuição da Educação Profissional e Tecnológica para o projeto de vida do jovem cotista do IFPE Campus Recife. 2024. 84 f. Dissertação (Mestrado Profissional em em Educação Profissional e Tecnológica) - Instituto Federal de Educação, Ciência e Tecnologia de Pernambuco IFPE, Campus Olinda, Olinda, 2024."
"Castro, Fabio Oliveira de [UNIFESP]",Não informado pela instituição,Não informado pela instituição,Não informado pela instituição,Não informado pela instituição,Não informado pela instituição,Processo seletivo de ingresso no ensino médio integrado do instituto federal de São Paulo: análise crítica de dois modelos,2022,Universidade Federal de São Paulo (UNIFESP),UNIFESP,Não informado pela instituição,Não informado pela instituição,Não informado pela instituição,Não informado pela instituição,openAccess,masterThesis,Processo seletivo||Ensino médio integrado||Ações afirmativas||Acesso e permanência||Institutos federais,Não informado pela instituição,por,"Esta dissertação tem como objetivo principal analisar os modelos de seleção utilizados nos processos seletivos dos cursos técnicos integrados ao ensino médio do Instituto Federal de Educação, Ciência e Tecnologia de São Paulo (IFSP) e a sua relação com o perfil socioeconômico e o desempenho acadêmico dos ingressantes. Historicamente, o IFSP utilizou a prova como modelo de seleção em seus processos seletivos de ingresso aos cursos técnicos. Esse modelo de seleção, somado à disparidade educacional entre as redes públicas e privadas, potencializava as chances de ingresso de alunos de escolas privadas e, em contrapartida, afastava o acesso de alunos oriundos de escolas públicas. A partir de 2017, por questões orçamentarias, a instituição passa a utilizar a análise de histórico escolar como modelo de seleção em seus certames. Para alguns segmentos da comunidade escolar, essa mudança poderia proporcionar o ingresso de alunos “menos capacitados”, que apresentariam mais dificuldades pedagógicas e sociais, as quais poderiam dificultar que conseguissem acompanhar o “ritmo de ensino da federal”, elevando o número de evasões e retenções. Diante do exposto, buscamos analisar se a escolha do modelo de seleção pela instituição pode potencializar, ou não, o acesso de alunos de escolas públicas ao IFSP, bem como averiguar qual seria o perfil dos candidatos e ingressantes submetidos a diferentes modelos de seleção. Observamos também a efetividade da aplicação da Lei n. 12711/12 (Lei de Cotas), implantada pelo IFSP nos editais de processo seletivo a partir de 2012, que assegurava 50% das vagas ofertadas a alunos que cursaram integralmente o ensino fundamental em escola pública. Analisamos dados quantitativos dos processos seletivos de 2010, 2016, 2018 e 2021, que utilizaram diferentes modelos de seleção, e variaram quanto a disponibilizar a reserva de vagas para alunos de escola pública. Para compreender as possíveis alterações nos perfis dos candidatos e ingressantes, utilizamos como lócus de nossa pesquisa o Campus São Paulo, unidade mais antiga do IFSP e que apresenta o maior número de inscritos dentre todos os campi do IFSP. Pudemos constatar a importância da Lei de Cotas na ampliação do acesso de estudantes oriundos de escolas públicas à Instituição e verificamos igualmente que a escolha do modelo de seleção de análise curricular contribuiu para que tivéssemos um número maior de aprovados egressos da rede pública. Percebemos, também, que a implantação da Lei de Cotas e a aplicação do modelo de análise curricular nos processos de seleção não proporcionaram o aumento de retenções e evasões dos cursos analisados. Identificamos a necessidade da divulgação do processo seletivo, de forma ampliada e regular, junto às escolas da rede pública, e a ampliação de ações afirmativas institucionais visando à ampliação do acesso de egressos da rede pública de ensino.",https://repositorio.unifesp.br/handle/11600/67157,Não informado pela instituição,Não informado pela instituição,Não informado pela instituição
"Freitas, Caetano Roberto Sousa de",Não informado pela instituição,Não informado pela instituição,Não informado pela instituição,Não informado pela instituição,Não informado pela instituição,Avaliação da política pública educacional desenvolvida no Ensino Médio integrado à educação profissional no Ceará,2024,Universidade Federal do Ceará (UFC),UFC,Não informado pela instituição,Não informado pela instituição,Não informado pela instituição,Não informado pela instituição,openAccess,masterThesis,Educação integral||Ensino médio||Educação profissional||Integral education||High school||Professional education||CNPQ::CIENCIAS HUMANAS::CIENCIA POLITICA::POLITICAS PUBLICAS,Não informado pela instituição,por,"This work evaluates the educational policy of professional education developed in the public school system of the state of Ceará since 2008. The study aims to elucidate the governmental intentions for the managers of this public policy, which aims to alleviate the socioeconomic adversities that plague the youth of Ceará through integral education. Utilizing the In-Depth Evaluation paradigm, qualitative-quantitative research was conducted with the participation of social actors, mainly students of the 3rd grade of high school integrated with professional education, graduates in 2023, from the State Schools of Professional Education (EEEP) of the 1st Regional Coordination of Education Development, based in Maracanaú-CE, linked to the State Department of Education of Ceará. The research also includes perceptions from teachers of the Common Core and Technical Area, as well as school managers and coordinators of these educational institutions. To carry out this study, a comprehensive literature review was undertaken, covering the historical context and the theoretical-conceptual foundation based on preexisting studies on education. The documentary research included the Federal Constitution, the Law of Guidelines and Bases of Basic Education, the National Education Plan, the National Curriculum Guidelines, in addition to other federal and state laws, decrees, and resolutions. In the bibliographic research, the studies of Amaral (2021), Gussi and Oliveira (2016), Ramos (2017), Rodrigues (2008; 2011), Saviani (2008; 2011), Manfredi (2017), and Manacorda (2007), among others, stand out. In the analysis of the results, the evaluation was conducted through the triangulation of methods, using data collected through closed and open-ended questionnaires, submitted to content analysis. The majority of the school community considers that this type of education has provided integral education, mainly reflected in the preparation for the job market and higher education, confronting the separation between manual and intellectual labor imposed by the duality of class struggle fostered by capitalism. However, it is suggested that there be better development of socio- emotional aspects to mitigate the impacts on students' mental health, mainly caused by the high standards of the EEEP project. Additionally, there is a need to promote affirmative public policies related to quotas for black students and the development of youth protagonism among students with disabilities.","FREITAS, Caetano Roberto Sousa de. Avaliação da política pública educacional desenvolvida no Ensino Médio integrado à educação profissional no Ceará. 2024. 138 f. Dissertação (Mestrado Profissional em Avaliação de Políticas Públicas) - Universidade Federal do Ceará, Fortaleza, 2024.||http://repositorio.ufc.br/handle/riufc/77019",Não informado pela instituição,Não informado pela instituição,Não informado pela instituição
"Trindade, Arlene Vieira",Não informado pela instituição,Não informado pela instituição,Não informado pela instituição,Não informado pela instituição,Não informado pela instituição,A Permanência estudantil: Uma análise da primeira turma de ensino médio integrado e a política de assistência estudantil no Cefet/RJ- campus Maria da Graça,2019,Universidade Federal Fluminense (UFF),UFF,Não informado pela instituição,Não informado pela instituição,Não informado pela instituição,Não informado pela instituição,openAccess,masterThesis,Educação profissional||Ensino Médio Integrado||Assistência estudantil||Educação e trabalho||Serviço Social e desenvolvimento regional||Professional education||Integrated high school||Student assistance||Education and work,Não informado pela instituição,por,"Esta dissertação tem como objetivo investigar a permanência escolar dos estudantes da Educação Profissional Técnica de Nível Médio (EPTNM) na forma integrada ao ensino médio e suas relações com a Política de Assistência Estudantil, tendo como estudo de caso o Centro Federal de Educação Tecnológica Celso Suckow da Fonseca (Cefet/RJ) - campus Maria da Graça. Estabelecemos como recorte temporal o período compreendido entre 2014 e 2017. O período demarca o início e a conclusão da primeira turma de educação profissional de nível médio no campus (curso com duração de quatro anos) e reflete o contexto de expansão da rede federal de educação profissional e tecnológica e da implementação do Programa Nacional de Assistência Estudantil (PNAES). O texto se estrutura em quatro capítulos. No primeiro capítulo, nos debruçamos sobre o contexto social e econômico para o desenvolvimento da educação profissional e tecnológica no Brasil. No segundo capítulo, tratamos do lugar do Cefet/RJ na expansão da rede federal e a constituição do ensino médio integrado na instituição, a partir do Decreto n. 5154/04. Buscamos saber também quem são os estudantes que acessam a educação profissional técnica de nível médio, na forma integrada, com recorte específico, no Cefet/RJ - campus Maria da Graça, no marco da Lei n. 12.711, de 29 de agosto de 2012, conhecida como lei de cotas. No terceiro capítulo, analisamos a política de assistência estudantil instituída no Cefet/RJ. Para isso foi preciso compreender a lógica de transferência de renda e/ou repasse financeiro presente nas políticas públicas no neoliberalismo e, por isso, também, no Programa Nacional de Assistência Estudantil (PNAES). O debate sobre o fundo público e a lógica da monetarização e financeirização das políticas públicas foi imprescindível nesse momento. No quarto capítulo, analisamos os dados sobre a permanência da primeira turma de ensino médio Integrado do campus Maria da Graça. A partir das trajetórias diferenciadas construímos, para fins de análise nessa discussão, cinco categorias: permanência efetiva, permanência consentida, permanência preterida, evasão compulsória e evasão constrangida. Os resultados da pesquisa mostram que, nesse caso específico, tanto as mudanças nas formas de acesso quanto os dispositivos de auxílio aos estudantes foram imprescindíveis para a ampliação do acesso e para a permanência dos estudantes no ensino médio integrado. No entanto, não foram capazes, por si sós, de romper com a desigualdade social que se reproduz na escola que privilegia grupos de estudantes oriundos da rede privada de ensino, brancos e com renda mais elevada. O estudo demonstra também que, embora os programas e ações de transferência de renda sejam muito importantes para a promoção da permanência escolar, principalmente, dos estudantes de baixa condição socioeconômica, essa é apenas uma das estratégias para garantir a permanência estudantil e expressa a necessidade de se repensar o tipo de política de assistência estudantil que vem sendo promovida no contexto da política social brasileira atual.",https://app.uff.br/riuff/handle/1/10884||Aluno de Mestrado,Não informado pela instituição,Não informado pela instituição,Não informado pela instituição
"Marques, Jose Luis Nogueira",http://lattes.cnpq.br/2632368741718361,"Oliveira, Lia Maria Teixeira de||Não informado pela instituição",http://lattes.cnpq.br/1917858404070055||Não informado pela instituição,"Oliveira, Lia Maria Teixeira de||Araújo, Fabiana de Carvalho Dias||Feitosa, Andre Elias Fidelis||Não informado pela instituição||Não informado pela instituição",Não informado pela instituição,"Um estudo sobre a evasão no ensino médio integrado do Instituto Federal do Amapá, Campus Laranjal do Jari",2017,Universidade Federal Rural do Rio de Janeiro (UFRRJ),UFRRJ,Brasil,Instituto de Agronomia,Programa de Pós-Graduação em Educação Agrícola,Educação,openAccess,masterThesis,Evasão||Educação Profissional||Políticas de Permanência,Evasion||Professional Education||Policies of Permanence,por,"Esta dissertação tem a sua origem em pesquisa realizada com o intuito de trazer à observação e tomada de decisão o problema educacional que aflige à educação técnica e tecnológica, a evasão escolar. Assim, de forma geral objetivou uma análise sobre o fenômeno da evasão escolar no IFAP – Campus Laranjal do Jari. O foco deu-se na busca da compreensão dos elementos envolvidos no processo gradativo da perda do número de estudantes matriculados; buscou-se ainda a partir do resultado da pesquisa propor ações para contenção e redução dos índices de evasão no IFAP. A pesquisa em termos metodológicos, consistiu um estudo documental, empírico e de tratamento conceitual, tomando o universo amostral das turmas do Ensino Médio, na forma Integrada, do Campus Laranjal do Jari. A dissertação está dividida em três tópicos. O primeiro faz uma caracterização da Educação Profissional e do Sistema de Ensino Profissionalizante Federal no Brasil; o segundo trabalha uma análise sobre Fracasso Escolar, com ênfase na evasão e seus fatores condicionantes e, o último, tópico descreve “a evasão escolar no Instituto Federal do Amapá - Campus Laranjal do Jari”, com a apresentação dos dados investigados ao longo do mapeamento das turmas. Com base nos resultados dos dados descritos deu-se a interpretação destes à luz de autores que nos apoiaram para a análise. Posto isso, com o conhecimento produzido então, propõe-se estratégias de reversão ao quadro de evasão no IFAP e, ainda, as considerações finais com descrição dos processos de intervenção",https://rima.ufrrj.br/jspui/handle/20.500.14407/12193,Não informado pela instituição,Não informado pela instituição,"Marques, Jose Luis Nogueira. Um estudo sobre a evasão no ensino integrado do Instituto Federal do Amapá, Campus Laranjal do Jari. 2017. [56 f.]. Dissertação( Programa de Pós-Graduação em Educação Agrícola) - Instituto de Agronomia, Universidade Federal Rural do Rio de Janeiro, [Seropédica-RJ] ."
"Silva, Jeferson Eduardo",Não informado pela instituição,Não informado pela instituição,Não informado pela instituição,Não informado pela instituição,Não informado pela instituição,"O acesso e permanência de pessoas pretas, pardas e indígenas no ensino médio integrado do curso técnico em Agropecuária do Instituto Federal Goiano – Campus Ceres",2024,Instituto Brasileiro de Informação em Ciência e Tecnologia (Ibict),IBICT,Não informado pela instituição,Não informado pela instituição,Não informado pela instituição,Não informado pela instituição,openAccess,masterThesis,"Inclusão educacional||Políticas afirmativas||Estudantes PPI||Ensino Médio Integrado,||Transformação social||Educação||Planejamento e Avaliação Educacional||Política Educacional",Não informado pela instituição,por,"Este estudo justifica-se pela relevância no contexto educacional brasileiro, abordando de maneira criteriosa o acesso e a persistência de estudantes pretos, pardos e indígenas (PPI) no ensino médio integrado ao curso técnico em agropecuária. O estudo foi realizado no Instituto Federal Goiano - Campus Ceres, lança luz sobre questões cruciais de inclusão e diversidade, fornecendo entendimentos significativos sobre as políticas educacionais, as experiências dos estudantes que acessaram a educação profissional e tecnológica por cotas PPI e os desafios enfrentados. A dissertação começa com uma contextualização histórica abrangente da educação profissional e tecnológica no Brasil. Essa retrospectiva é fundamental para compreender as políticas educacionais atuais e como elas foram moldadas ao longo dos anos, influenciadas por diversos fatores políticos, sociais e econômicos. A revisão bibliográfica destaca o papel transformador da educação na sociedade e a importância das políticas afirmativas na promoção da igualdade e inclusão de grupos historicamente marginalizados. O objetivo central da pesquisa é investigar os fatores que afetam o acesso e a permanência de estudantes pretos, pardos e indígenas no curso técnico em agropecuária do Instituto Federal Goiano - Campus Ceres. Para alcançar esse objetivo, foi adotada uma metodologia qualitativa que envolve entrevistas semiestruturadas com discentes, docentes e assistente educacional, bem como a análise de documentos e registros institucionais. Essa abordagem permite uma compreensão mais profunda e humanizada das experiências dos estudantes, indo além de meros dados estatísticos. Os resultados da pesquisa são reveladores e contribuem significativamente para o debate sobre educação inclusiva no Brasil, sendo analisados por meio de uma abordagem ampla dos dados. A dissertação demonstra que, apesar dos avanços nas políticas educacionais, ainda existem desafios consideráveis para a inclusão efetiva de estudantes pretos, pardos e indígenas. Questões como preconceito, falta de representatividade e dificuldades financeiras continuam a ser obstáculos significativos para esses discentes. No entanto, também são destacados aspectos positivos das políticas de inclusão, como o aumento no número de estudantes desses grupos em cursos técnicos e a valorização de suas identidades culturais dentro do ambiente escolar. A dissertação enfatiza a importância de políticas educacionais mais inclusivas e equitativas no Brasil, propondo caminhos para superar os desafios identificados. O estudo destaca a necessidade de medidas que combatam o preconceito, promovam a representatividade e ofereçam suporte financeiro adequado aos estudantes pretos, pardos e indígenas. Além disso, ressalta a importância de se manter um ambiente escolar que celebre a diversidade cultural e respeite as identidades destes discentes. Espera-se que este estudo seja uma leitura importante para educadores, formuladores de políticas públicas e todos aqueles interessados em uma educação verdadeiramente inclusiva e transformadora. Ademais, foi produzido, com a participação dos alunos participantes da pesquisa, um documentário que apresenta os desafios e as experiências dos estudantes cotistas no curso e na vida acadêmica dentro do IF Goiano – Campus Ceres.",https://deposita.ibict.br/handle/deposita/573,Não informado pela instituição,Não informado pela instituição,Não informado pela instituição
"Rateke, Deise",Não informado pela instituição,Não informado pela instituição,Não informado pela instituição,Não informado pela instituição,Não informado pela instituição,As contradições em torno do acesso e da permanência de estudantes da classe trabalhadora por meio da implementação da Lei de Cotas nos cursos de ensino médio técnico integrado do IFSC - Campus Florianópolis,2018,Universidade Federal de Santa Catarina (UFSC),UFSC,Não informado pela instituição,Não informado pela instituição,Não informado pela instituição,Não informado pela instituição,openAccess,doctoralThesis,Educação||Cotas universitárias||Ensino técnico,Não informado pela instituição,por,"Tese (doutorado) - Universidade Federal de Santa Catarina, Centro de Ciências da Educação, Programa de Pós-Graduação em Educação, Florianópolis, 2018.",358937||https://repositorio.ufsc.br/handle/123456789/206044,Não informado pela instituição,Não informado pela instituição,Não informado pela instituição
"Köhler, Maria Luiza Kraft",http://buscatextual.cnpq.br/buscatextual/visualizacv.do?id=K4232784E2&tokenCaptchar=03AKH6MRF_T_iMPND6-ntOFeMTh_mqb2GqkcKrXaa4jBaumK0Tf6c7eqSIQXN11gMq4AYy2KiXGgsp3jOF2peQTjXce4edP0PAu3cxMO5imtIS-fo62Am-6fNDeVCDqGRPtnnfIb4ugnuy1fm1e9lNv-vRYyHcGprRH1SSF9A7azK0EHfmbZ8Bqmsu13FaI6GNn4PDfN6A00PCElVj3KPbcS87Z6NE7nkBTSKF3Y63dsea_LawNdSFI4fxaWzDtyS1miAnO0aOgqUR4Sl8jX8oasK0tpOb-oHIOO5iUSmVxkrZluPwEOyg2JDhVKRA6fibCY75ZdYhkgexfkG7VrCQ-H_UyZ8WOZHDa6IcA7a-ZEnOajRGjc-s42L1JgATU44LI9vRUi4nu9Oq6wHfh3Qy5x_bSGJGBK0qHZswkumC2fegj7IR9sROi5jP1g1NBVQTMEAqxlH5llWCBgKUyoqJs0vsSmTo6wCMb-Q94bINSXELG-UugO_uQf2GYIQ6VfYCcAvZEk_WNmrcZofNrTcqz5U4eo7shGJ35Wh5lNJvFZtBc4IdYrgF2aM,"Pontes, Felipe Simão||Não informado pela instituição",http://buscatextual.cnpq.br/buscatextual/visualizacv.do?id=K4742707H6&tokenCaptchar=03AKH6MRHAbOn7u7XNiCx_SfVX__C0x2L2Jl5xDl8GEbt_6mkydje5I-YBst1HXo0PqOaQbVnpv35EHrmwINYOcZ6-jzKVNTSVJVq_9IlzOrJrIq3xXJMM6vpYutxtZjMdPaddigV88nKv30ZifKvzL_ZB32I_D7J0RyaTX0MdbAdQ4WkTiedlWess11Afpes8TPYFRPNWpk8JZGH5wweTAn_VwGcCJyFMxFRp0lev6vdsvqdXGIq6dNyd8nFCPKwHjrZgb3GP44-JqHoh7R6e9RPLmVdj0pAvgwdXoIMDbRfCqM3DK-fpH-qLOWR5aSni9xhW17AWRn_1Qrq8wkD_4UiWefp4du-ppm4EYybM1ukA8Pi8b9bs0ZWnx8OxK7WlALK_dypxOpA0rZUTGskmBw3Wn4biMw-6Ok_UXmKBJcHMIYjK1m_llCsNx5EkGAwzlVmWiijelTFv899vg_viEoX3_fgM9Mu0N1Wiwf65eeuoOkrVLXCDjcXe4PkhKnR0ysqlbSgKAaMySqJmBMqqecSDRKyb4cBnezG17WeA4aA7Ta2YpJytMhM||Não informado pela instituição,"Machado, Lucília Regina de Souza||Stefanuto, Vanderlei Antonio||Darcoleto, Carina Alves da Silva||Silva, Lenir Aparecida Mainardes da||Não informado pela instituição",http://buscatextual.cnpq.br/buscatextual/visualizacv.do?id=K4788214J2&tokenCaptchar=03AKH6MRGjryyNG7I9kwMlaRdExySe1G9CuNv7yPcEQOPN0TPT8CwWTyqa4y585tpxFzOTt15eDPrpcOuPzdD-HbiK-0WXQL_BPKM7rZ8Q97GD1L2OVhCBti5nxcN4Z6vQyAdKpaA1OH-q7TEi-Z1wLUnpmkoY1QOKoZCCRQ1kFsK_B4vgr6xWBniJsQ49-K2TnZaxK1Pvve4nTofYrgBdRrWEdRd0MqNn8V5gGp-ZhAZft8quX5SIQB7hCCYIL5rEhOWjccP4ECtLYjhyrB4yknjpmVpB5ZTtcI8Vxbz2C1BoLpQeyFMQByq5WXjiWmgzV8aWOqbWlVDwRjHAy4-XPOySsBmRXYo9IrO8zXXz1KbtA-FYLTZer3djvCzmNiPx-Z9V29z-Q4B_NcnNxm57JR3pnkvO8nco6tlxtPoNSSLHKz--FzdpwdWHcsm6_DWfUWnZqNFVIMHnSOwnjq6swx-C2fAm39BcdMcoRQiJA0Fa2T7yp2aQJLWiwk7Wek0DGQvM4AJjIUI_aTNhb7gm25KSm0LPF0fU9PUW-dezF-ieESjPMkObIbs||http://buscatextual.cnpq.br/buscatextual/visualizacv.do?id=K4767547Y9&tokenCaptchar=03AKH6MRGjM8SSUAcS3ggf-T8v380EYbr_LNgEpTIzEm3MJ4oTzS_duzHQqpAK7_XXoCjPVc378fWm6sCHBXOWDLjl9ljkJyKD2YbQlcqRcRgVktqmImNtq2nhSrBAncAOspvU24tsPI5UvmrEJrIBGB6GxiFUS-uYGO4LJx5eOZijGkB3cSVvDiMSGtfkUAmFjKCyEK7hCh2Cv9b_7r9pSbM2GLZg7-cFaS3A-vMDHyXjjPiaCCe1P3N5MevUBsKlKeTX4CBCNf1viddxzyXC12c2WkyTqN4nTlLURxHspX48NRvCq1Wl3hzY_GpnQasirz6u3sfylCUCk-ya_0V6eJyuvog7gTxf4qsF3pybJZA0w5Qp4N_vpJQpydnKK9EsYMimSWMX9We9Cbo3X9BfQQF8rIXN--mctOKalOD7YlPf3OnxKTP0lXvF9AsfMz8vSVyqstVjioMxHP5gEuJzHFe1f4G50PJ0oI2AJMDJiatcihn2zfWfsCDOq6GqvCk7AOqBN7HeH3_hpcet5G7j_kDNTm8QqFZ7xO7luPNQiDzEzqWF8hmDAxg||http://buscatextual.cnpq.br/buscatextual/visualizacv.do?id=K4777723J6&tokenCaptchar=03AKH6MREtYIbd5QAFGygqP2TYbdYfRVFfc9Y-MZW7I3gYsy58rfTNLG0DfInYZzPru7g7UFFMOndd0Jf_6JHg2t6Ob5rp6_sAt6sDQvlW_W6hX04-i3RyXgGzIs6o8PAXf67zx4Iw6OaCOslzeHcbw23NUokIHP4tkdudeeqCanQj24SIruoakewRbL9_Pnmj-S8RqZ6oc3R3XJkV-ghagUCmPTjU7_Zp-C5k-pjhITi4ASXxyx3JNWuytyifnjDrfetvuyE2YAyATvSU6FBs9DyHzufy-L_6vk1l-r8GZDdTH1iRq_O2G8iNdegrF8Et0YpwrUERaP1TGvrw6C8Hp4GfFseNFQFMF-hB0qlXx2kpRjK-4CZqw0a5W3aONznQZdbxQDcMLhmp4nWgn6TixMTiA1D4FfPav7Pbcd7twjZlfiK0pFOSDImUfJ07SkdsvQjLsgMyoJVWoaqnbymynbrTzM2_6kCub7czSjKOrAvb-2WvsEwUQNu3ZnLbQzX-ldFLVhclayKBlgELdONHVg1F50pM0U4GGhLHwsgghqhuOJLvrW_vS-c||http://buscatextual.cnpq.br/buscatextual/visualizacv.do?id=K4709290Z1&tokenCaptchar=03AKH6MREVTQZvVjKmA-MuZOC9SgGJSpaaktlHxhNcpNKkjs3aoTMlj1KQUjVpvQ0K2rhelWguAymkvr46enR0FCN2-A_IbWqhOu9Kfl0Ge5C8dAYfnkV-WDbIdJUzyT846jZ5w_0wFxkuhX7lq-J4y_zj0uUWUiY1ZyJKmfa2OCnP4bQNDx-R-R9ill-0RYmAjcMaarDpZpmpp2w3a5yDUUek5DIP9SWM0GPpZ7gkGUL0Q2KWSL4Ke3eezIhRG8NTFdwtZRW4G8RB8S8N5MUwGvGVf2WEhqoUOSvhf60Xqf8HwrhWCUkpVTe7SjoQFNdffigQUwWrlKdYqKC8OXurzGWGK2Un7hqSkM8QcoDa6XBBIiXJY15RM9jdsTcK7OgF8vHgatMXQ_R4keWYbiLPlHMH95m-VmtqiRcXOkjKsDc4nPyLOjgepxHtf0CqMNVh2VEeme7dbZT9CyAAGLtiP54FQEgbl9bGXXZ2f4ZFYnMyn-axd5EgjS_TjZ2goORWklfyFZLsUe0DzDxnbNZi-W5_fo3YWkUBkfbt4_19Dp1sPpueQKNUxU8||Não informado pela instituição,Barreiras residuais ao direito educacional em cursos integrados do Instituto Federal do Paraná,2023,Universidade Estadual de Ponta Grossa (UEPG),UEPG,Brasil,Setor de Ciências Sociais Aplicadas,Programa de Pós-Graduação em Ciências Sociais Aplicadas,CNPQ::CIENCIAS SOCIAIS APLICADAS,openAccess,doctoralThesis,barreiras residuais||reservas de vagas||Instituto Federal do Paraná (IFPR)||ensino médio integrado||educação integral||residual barriers||vacancy reserves||Federal Institute of Paraná (IFPR)||integrated high school||integral education,Não informado pela instituição,por,"Esta tese teve como objetivo investigar as barreiras residuais ao direito educacional de estudantes pertencentes aos grupos contemplados pela Lei de Cotas (Lei n. 12.711/2012a) nos cursos técnicos integrados do Instituto Federal do Paraná (IFPR). O IFPR é um dos 38 Institutos Federais de Educação, Ciência e Tecnologia (IFs) existentes no Brasil, os quais oferecem educação em nível técnico, superior e de pós-graduação 100% gratuita, e incentivam a ascensão em escolaridade em um percurso conhecido como verticalização. Conforme a Lei n. 11.892/2008, os cursos técnicos integrados ao ensino médio dos IFs se voltam a promover a educação integral, tanto para a profissionalização quanto para a vida, o que amplia as possibilidades de geração de emprego e renda e atrai sujeitos de várias classes sociais, pelo reconhecimento qualitativo que as instituições federais têm na sociedade brasileira. Com vistas a democratizar o acesso de estudantes que, historicamente, dispõem de menos oportunidades educacionais, a Lei n. 12.711/2012 estabelece percentual mínimo de 50% de reserva de vagas a egressos de escolas públicas, com subdivisões percentuais de acordo com critérios de renda, raça/cor e/ou presença de deficiência. O IFPR vai além do estabelecido e, desde 2014, destina 80% do total em todas as turmas ao sistema de reserva de vagas prioritárias, contudo, apenas em 2020 as vagas reservadas a cotas foram ocupadas em sua totalidade nos cursos técnicos integrados. Trata-se de estudo qualiquantitativo que utiliza instrumentos de pesquisa bibliográfica, documental, entrevistas, questionários semiestruturados e grupos focais. O estudo foi realizado em oito dos vinte e sete municípios do estado do Paraná que dispõem de unidade do IFPR (Foz do Iguaçu, Irati, Ivaiporã, Jacarezinho, Palmas, Paranaguá, Telêmaco Borba e Umuarama), selecionados por critérios classificação (campus), tempo de atividade (mais de cinco anos), distribuição geográfica e de indicadores socioeconômicos da cidade em que o campus está inserido: percentual da população com rendimento nominal mensal per capita inferior a 1⁄2 salário mínimo; Índice de Gini e Índice Firjan de desenvolvimento (este último por contemplar as mesmas variáveis do índice de desenvolvimento humano, contudo, ser mais atualizado). Os resultados da pesquisa de campo foram obtidos de um corpus de análise de 39 sujeitos, sendo oito diretores (as) de campus do IFPR, dezoito diretores (as) de colégios estaduais e treze estudantes que ingressaram por cotas em cursos técnicos integrados. Esses possibilitaram identificar a existência de barreiras residuais ao direito educacional aos cursos integrados do IFPR, às quais propomos elencar em quatro categorias: I) barreiras institucionais; II) barreiras territoriais e de deslocamento; III) barreiras socioeconômicas e IV) barreiras invisíveis/simbólicas. A discussão dos resultados contemplou as contradições e intersecções existentes entre as barreiras identificadas.",http://tede2.uepg.br/jspui/handle/prefix/3871,Não informado pela instituição,Não informado pela instituição,"Köhler, Maria Luiza Kraft. Barreiras residuais ao direito educacional em cursos integrados do Instituto Federal do Paraná. 2023. Tese (Doutorado em Ciências Sociais Aplicadas) - Universidade Estadual de Ponta Grossa, Ponta Grossa, 2023."
"Bastos, Renato De Angeli Ferreira",http://lattes.cnpq.br/2500622732477074,"Bahia, Bruno Cardoso de Menezes||Não informado pela instituição",http://lattes.cnpq.br/0728241677912831||Não informado pela instituição,"Bahia, Bruno Cardoso de Menezes||Silva, André Romero da||Saleme, Estêvão Bissoli||Não informado pela instituição||Não informado pela instituição",http://lattes.cnpq.br/0728241677912831||http://lattes.cnpq.br/3079774974302460||http://lattes.cnpq.br/8757661847246456||Não informado pela instituição||Não informado pela instituição,"Política de cotas, função social e perfil socioeconômico dos estudantes ingressantes: uma análise do curso técnico em agropecuária do Instituto Federal do Espírito Santo – Campus Itapina",2021,Universidade Federal Rural do Rio de Janeiro (UFRRJ),UFRRJ,Brasil,Instituto de Agronomia,Programa de Pós-Graduação em Educação Agrícola,Educação,openAccess,masterThesis,Evasão||Cotistas||Ifes||Cursos técnicos||Políticas públicas,Evasion||Quota holders||Ifes||Technical courses||Public policies,por,"Por todo o Brasil, os campi dos Institutos Federais de Educação, Ciência e Tecnologia registram altos índices de evasão e fechamento de cursos desde suas fundações. No estado do Espírito Santo, as instituições passam por esses mesmos impasses. Nesse contexto, esta pesquisa tem como objetivo realizar um estudo de caso sobre a evasão escolar no Curso Técnico Integrado ao Ensino Médio em Agropecuária, da Escola Agrotécnica, do Instituto Federal do Espírito Santo (Ifes), Campus Itapina, distrito do município de Colatina, ao Norte do Estado, no período de 2016 a 2019. A pesquisa é de natureza bibliográfica, documental e estatística, com a finalidade de entender a amplitude do fenômeno da evasão entre os alunos cotistas, sob a visão administrativa e docente. O referencial teórico apoia-se em pesquisadores renomados acerca do referido assunto; e quanto à análise documental, utilizou-se a legislação federal que normaliza os Institutos Federais e os documentos internos do Ifes. O objetivo primário foi levantar as características do público evadido na referida unidade de ensino, no período anteriormente apontado. Embora não seja causa única, a pesquisa apontou que o fator econômico parece predominar sobre as demais razões geradoras dos altos índices de evasão, sendo muitas vezes acompanhado da incongruência na conciliação dos estudos com o trabalho, mesmo diante do entendimento, ainda que parcial, de que o curso proporcionará mais oportunidades de inserção no mercado de trabalho. Foi possível perceber que a cota social é uma importante ferramenta de inclusão social, uma vez que permite o ingresso de alunos das classes menos favorecidas a uma instituição reconhecidamente de qualidade. Além disso, percebe-se que a questão do acesso é o principal fator limitante quanto à presença de pobres, mulheres, índios e negros nessas instituições, já que o domínio do conteúdo e a sua posterior aprovação ficou evidente na interpretação dos dados.",https://rima.ufrrj.br/jspui/handle/20.500.14407/12961,Não informado pela instituição,Não informado pela instituição,"BASTOS, Renato De Angeli Ferreira. Política de cotas, função social e perfil socioeconômico dos estudantes ingressantes: uma análise do curso técnico em agropecuária do Instituto Federal do Espírito Santo – Campus Itapina. 2021. 96 f. Dissertação (Mestrado em Educação Agrícola) - Instituto de Agronomia, Universidade Federal Rural do Rio de Janeiro, Seropédica, 2021."
Bruna Tatianne Moura de Queirós,Não informado pela instituição,Não informado pela instituição,Não informado pela instituição,Não informado pela instituição,Não informado pela instituição,A escolha de um estabelecimento federal de ensino médio e seus significados para jovens e famílias de diferentes meios sociais: um estudo no IFNMG – Campus Janaúba,2022,Universidade Federal de Minas Gerais (UFMG),UFMG,Não informado pela instituição,Não informado pela instituição,Não informado pela instituição,Não informado pela instituição,openAccess,doctoralThesis,Escolha da escola||Sociologia da Educação||Institutos Federais||Ensino médio integrado||Instituto Federal do Norte de Minas Gerais - Ingresso - Escolha da escola||Educação||Ensino médio - Escolha da escola||Ensino profissional - Escolha da escola||Ensino técnico - Escolha da escola||Ensino integrado||Sociologia educacional||Janaúba (MG) - Educação||Escolas públicas - Escolha da escola,Não informado pela instituição,por,"The research aims to understand the choice for an integrated high school in a Federal Institute made by young people and their families and the senses given by these subjects, considering their social groups. We held the research in Instituto Federal do Norte de Minas Gerais – IFNMG, Campus Avançado Janaúba, with students from the Technical Course on Internet Technology, integrated to High School. The study is in the area of Sociology of Education, dialoguing with studies on school choice and the Bourdieusian theory. First, we mapped out the socioeconomic and cultural profiles of IFNMG-Janaúba students admitted in the course between 2017 and 2020, applying questionnaires to them and their families. After, we chose the classes of 2017 and 2019 to investigate the process of school choice. We held focus groups with students, according to parental educational level, and individual interviews with them and their mothers. We start from the hypothesis that IFNMG has a socioeconomically heterogeneous group of students with different motivations to join the institution. We have seen that, though participant students were not as heterogeneous as previously thought, their profile is different from those of other local public schools and the population of Janaúba, mainly, by a slightly larger school capital of the families. Most students seem to be from low-income groups (though not from the most vulnerable strata) or lower strata of middle classes. Regarding school choice, though motivated by different expectations, the main one was the search for a quality education and, consequently, the possibility to prepare for university admission processes/ENEM. Few students chose the integrated high school considering primarily the technical training. We observed family participation in this process, with meaningful variations (from the non- participation of parents when the choice is focused on the young person, passing by various types of shared choice between parents and children, up to the family imposition to the school), which are related to the parental volume of cultural and informational capital. On one hand, we have identified in more educated families more “strategic” choices, some clearly guided by the possibility of joining the public-school quotas in higher education; on the other, in less educated families, we have seen a less active and informed choice. In this context, the actions of young people based on their own sociability network stand out. Paying attention to the young person as a subject of school choice, in the different social groups, is one of the contributions of this study. This opens a door to different meanings to this choice, including, besides academic aspects, socio-identity issues. We also highlight the importance of integrated high school to the social mobility of low-income youngsters and, consequently, the need to increase the access of this public to such educational opportunity.",http://hdl.handle.net/1843/40780,Não informado pela instituição,Não informado pela instituição,Não informado pela instituição
"Marcelino, Fabiana",http://buscatextual.cnpq.br/buscatextual/visualizacv.do?id=K4701692D6,"Azevedo, Márcio Adriano||Não informado pela instituição",http://buscatextual.cnpq.br/buscatextual/visualizacv.do?id=K4128554A1||Não informado pela instituição,"Azevedo, Márcio Adriano||Cavignac, Julie||Medeiros, Olivia Neta||Não informado pela instituição||Não informado pela instituição",http://buscatextual.cnpq.br/buscatextual/visualizacv.do?id=K4128554A1||http://buscatextual.cnpq.br/buscatextual/visualizacv.do?id=K4768171A6||http://buscatextual.cnpq.br/buscatextual/visualizacv.do?id=K4758901A6||Não informado pela instituição||Não informado pela instituição,O acesso de estudantes quilombolas no IFRN: análise da lei 12.711/2012,2018,Instituto Federal do Rio Grande do Norte (IFRN),IFRN,Brasil,Natal - Central,Mestrado Acadêmico em Educação Profissional||Mestrado Acadêmico em Educação Profissional,Ciências Sociais Aplicadas,openAccess,masterThesis,Educação profissional||Acesso discente||Cotas raciais||Quilombolas||Políticas públicas||Professional education||Access student||Racial quotas||Public policy,Não informado pela instituição,por,"Esta dissertação tem o objetivo de analisar o acesso de estudantes ao Ensino Médio Integrado nos Campi do Instituto Federal de Educação, Ciência e Tecnologia do Rio Grande do Norte (IFRN) a partir da implantação da Lei nº 12.711/2012, que dispõe sobre o ingresso nas universidades federais e nas instituições federais de ensino técnico de nível médio e dá outras providências, estabelecendo reserva de vagas para estudantes que tiveram sua trajetória acadêmica em escolas públicas, e para estudantes pretos, pardos e indígenas. Esta pesquisa é direcionada para os estudantes situados em regiões onde existem estudantes residentes em comunidades quilombolas. São objetivos específicos: a) analisar o cenário político brasileiro quando da implantação da Lei Federal nº. 12.711/2012; b) verificar as formas de ingresso adotadas pelo IFRN para o Ensino Médio Integrado após a implantação da Lei; e c) mostrar indicadores de acesso de estudantes quilombolas como parte da política de ações afirmativas da Educação Profissional no IFRN. Serão espaços de pesquisa os Campi do IFRN que tenham estudantes residentes em comunidades quilombolas, mesmo que a comunidade não seja no município do Campus. Desse modo, ressaltamos a relevância deste trabalho para a população negra e quilombola, e para a Educação Profissional. Para sua efetivação, adotaremos como metodologia de pesquisa a análise de aspectos da política (FREY, 2000; VIANA, 1996; FIGUEIREDO M., FIGUEIREDO A., 1986; RAMOS, SCHABRACH, 2012; SILVA, 2016; CUNHA, 2006; ROCHA, 2010; MULLER, SUREL, 2002) e na abordagem qualitativa, com a utilização de entrevista semi-estruturada, análise documental, revisão bibliográfica, observação e notas de campo. Discutiremos políticas públicas na Educação, as desigualdades na esfera educacional, as ações afirmativas para jovens em situação de vulnerabilidade social no sistema escolar, as questões que envolvem a perspectiva racial na educação brasileira, e a implementação da Lei nº 12.711/2012 no IFRN, levando em consideração o contexto histórico e político da sua expansão. A análise dos dados extraídos na pesquisa indica que, em que se pese o esforço institucional para a efetivação da interiorização e inclusão social na escola, populações mais vulneráveis como os quilombolas ainda enfrentam fortes dificuldades de acesso, em particular ao Ensino Médio Integrado.",http://memoria.ifrn.edu.br/handle/1044/1529,Não informado pela instituição,Não informado pela instituição,"MARCELINO, Fabiana Teixeira . O acesso de estudantes quilombolas no IFRN: análise da Lei n° 12.711/2012. 2018. 154 f. Dissertação (Mestrado Acadêmico em Educação Profissional) - Instituto Federal de Educação, Ciência e Tecnologia do Rio Grande do Norte, Natal, 2018."
"Angeli, Thaína Rodrigues Gava",http://lattes.cnpq.br/1658504521742558,"Silva Filho, Penildon||Não informado pela instituição",http://lattes.cnpq.br/2463174532926158||Não informado pela instituição,"Silva Filho, Penildon||Almeida, Sílvia Maria Leite de||Almeida, Gabriel Swahili Sales de||Não informado pela instituição||Não informado pela instituição",Não informado pela instituição,Impactos de marcadores sociais na trajetória escolar dos alunos do Ifes Nova Venécia: desafios e possibilidades para a construção de uma política de ações afirmativas,2022,Universidade Federal da Bahia (UFBA),UFBA,Brasil,Faculdade de Educação,"Mestrado Profissional em Educação: Currículo, Linguagens e Inovações Pedagógicas(MPED) ",Ciências humanas||Educação,openAccess,masterThesis,"Marcadores sociais||Equidade||Ações Afirmativas||Programas de ação afirmativa||Igualdade na educação||Permanência na escola||Sistema de cotas||Instituto Federal de Educação, Ciência e Tecnologia do Espírito Santo (Campus Nova Venécia) - Estudo de casos",Não informado pela instituição,por,"A pesquisa em questão é um projeto de intervenção que objetiva compreender o problema da inclusão e permanência na instituição na qual estou inserida e contribuir para a sua superação. Partindo de uma inquietação pessoal, realizamos um estudo de caso no Instituto Federal do Espírito Santo - Campus Nova Venécia, uma unidade caso. O tema estudado foi “políticas de ações afirmativas” e buscamos discutir os impactos dos marcadores sociais de gênero, raça e classe na trajetória escolar dos alunos. Tem como problema de pesquisa: “quais os impactos dos marcadores sociais gênero, raça e classe na trajetória escolar (rendimento/evasão/conclusão do curso) de alunos do Ensino Médio Integrado do Campus Nova Venécia? E, especialmente, como tais marcadores impactam o percurso de ingressantes na instituição pelo sistema de cotas?”. A pesquisa vem dialogando com os seguintes autores da área: Arroyo (2010), Novoa (2020), Gomes (2012), Coulon (2011), Sampaio (2011), Haddad (2012), Hirano, Almeida et al (2018), entre outros. Embora tenha uma fase introdutória quantitativa, a pesquisa é primordialmente qualitativa quanto à abordagem do problema, pela análise documental, pelo estudo de caso e pela realização de entrevistas. O estudo teve como público alvo os alunos ingressantes nos cursos Técnicos Integrados em Edificações e em Mineração, que são os cursos ofertados pelo campus na modalidade de ensino médio integrado, no período de 2010 a 2020. A primeira fase da pesquisa consistiu na extração de dados do Sistema “Qacadêmico”, obtendo então dados quantitativos, agrupados e sem identificação pessoal, sobre o perfil dos alunos. Na segunda fase, aconteceram as entrevistas realizadas com servidores lotados nas coordenadorias de Registro Acadêmico, Gestão Pedagógica e Assistência à Comunidade, com a direção geral e com três docentes, a fim de compreender, a partir da atuação profissional destes, a relação dos marcadores sociais na trajetória do discente dentro do campus. As análises combinadas dos dados do sistema e das entrevistas nos mostrou o objeto estudado através de múltiplos olhares. A comparação da entrada dos alunos tendo por base esses três marcadores sociais (gênero, raça e classe) antes e depois da adoção das cotas permite analisar como há uma interseccionalidade entre essas dimensões. Da mesma maneira, a pesquisa indicou que não se deve abrir mão dos diferentes marcadores sociais, mais notadamente o de raça, se quisermos reverter a situação de discriminação histórica do grupo dos negros. Assim, como resultado da pesquisa, foi elaborada uma proposta interventiva que apresenta diretrizes para a formulação de uma política de ações afirmativas do Ifes.",https://repositorio.ufba.br/handle/ri/36521,Não informado pela instituição,Não informado pela instituição,Não informado pela instituição
"Alencar, Ligyanne Karla de",http://lattes.cnpq.br/1058784388425443,"Silva, Lenina Lopes Soares||Não informado pela instituição",http://lattes.cnpq.br/1487610808390702||Não informado pela instituição,"Silva, Leinina Lopes Soares||Costa, Ana Maria Morais||Neta, Olívia Morais de Medeiros||Santos, Anderson Cristopher dos||Nascimento, José Mateus do",http://lattes.cnpq.br/1487610808390702||http://lattes.cnpq.br/8332787401186244||http://lattes.cnpq.br/7542482401254815||http://lattes.cnpq.br/9314022204497649||http://lattes.cnpq.br/9176401714554967,"Políticas públicas de inclusão de pessoas com deficiência na educação profissional: ações e possibilidades no Instituto Federal de Educação, Ciência e Tecnologia do Rio Grande do Norte",2017,Instituto Federal do Rio Grande do Norte (IFRN),IFRN,Brasil,Natal - Central,Mestrado Acadêmico em Educação Profissional||Mestrado Acadêmico em Educação Profissional,Educação,openAccess,masterThesis,Políticas Públicas de Inclusão||Educação Profissional||Pessoa com Deficiência||Educação Profissional para as pessoas com deficiência||TEC NEP||Pub lic Policies for Inclusion||Professional Education||Person with disability||Professional Educatio n for people with disabilities,Não informado pela instituição,por,"RESUMO Esta pesquisa é uma análise de políticas de educação inclusiva implantadas no Brasil, com ênfase nos processos de inserção de pessoas com deficiência à Educação Profissional na Rede Federal de Educação Profissional e Tecnológica, com foco no Instituto Federal de Educação, Ciência e Tecnologia do Rio Grande do Norte. Enfatiza-se a política inclusiva em implantação nesse Instituto, no período de 2010 a 2015, tendo como referente a Ação Tecnologia, Educação, Cidadania e Profissionalização para Pessoas com Necessidades Especificas (TEC NEP) que vem sendo desenvolvida desde o ano 2000 e as políticas educacionais que a esta se aliam para o atendimento das pessoas com deficiência, como o Programa Nacional de Acesso ao Ensino Técnico e Emprego (PRONATEC), no Plano Nacional Viver Sem Limites. A investigação caracteriza-se como qualitativa e utiliza levantamento bibliográfico, análise legal e documental e respostas coletadas por meio de questionário aplicado a 36 servidores dos Campi Santa Cruz, Caicó, Currais Novos, Parelhas, São Gonçalo do Amarante, Educação à Distância, Natal Central, Macau, Natal Zona Norte, Parnamirim, João Câmara e Nova Cruz, que ocupam as coordenações de extensão, de pesquisa, do Núcleo de Atendimento às Pessoas com Necessidades Específicas (NAPNE) e a direção acadêmica. A análise privilegia um diálogo teórico-metodológico baseado na sociologia das ausências, pois esta torna possível o confronto das possibilidades inclusivas mesmo dentro de um Estado capitalista excludente, como o brasileiro. Os dados revelaram que a existência de ações inclusivas no ensino, na extensão e na pesquisa no IFRN demonstram o potencial dessa instituição em de fato ser um centro de excelência, como previsto na Ação TEC NEP para o acesso, a permanência e a saída exitosa para o mundo do trabalho de pessoas com deficiência. No entanto, a política interna de inclusão de pessoas com deficiência no IFRN existe de forma tímida e necessita de uma melhor articulação e divulgação de suas ações para todos os servidores e para a sociedade. Considera-se, ainda, que as reflexões empreendidas na pesquisa podem ajudar os gestores dessa política a diminuírem as arestas que impõem limites a essa política interna para torná-la mais eficiente, mostrando à sociedade as possibilidades presentes na instituição, inclusive na luta por um sistema de cotas ou de reservas de vagas no processo seletivo de acesso a todos os cursos oferecidos pelo IFRN, principalmente para o Ensino Médio Integrado à Educação Profissional, para que possamos avançar no sentido de uma sociedade mais inclusiva.",http://memoria.ifrn.edu.br/handle/1044/1372,Não informado pela instituição,Não informado pela instituição,"ALENCAR, Ligyanne Karla de. Políticas públicas de inclusão de pessoas com deficiência na educação profissional: ações e possibilidades no Instituto Federal de Educação, Ciência e Tecnologia do Rio Grande do Norte. 2017. 141f. Dissertação (Mestrado em Educação Profissional) - Instituto Federal de Educação, Ciência e Tecnologia do Rio Grande do Norte, Natal, 2017."
"Lima, Leonardo José",http://buscatextual.cnpq.br/buscatextual/visualizacv.do?id=K4550917H5,"Rodrigues, Leda Maria de Oliveira||Não informado pela instituição",Não informado pela instituição,Não informado pela instituição,Não informado pela instituição,Em busca do Ensino Superior: trajetórias e estratégias de estudantes de uma ETEC da cidade de São Paulo,2016,Pontifícia Universidade Católica de São Paulo (PUC-SP),PUC_SP,Brasil,Faculdade de Educação,"Programa de Estudos Pós-Graduados em Educação: História, Política, Sociedade",CNPQ::CIENCIAS HUMANAS::EDUCACAO,openAccess,masterThesis,Classes populares||Trajetórias||Território,Popular classes||Trajectories||Territory,por,"The present study aims to know the trajectories and strategies of high school students integrated to the Technical Education of Sapopemba ETEC, coming from private school in elementary education I and II, with the purpose of accessing Higher Education. We seek to know if they want to benefit from the affirmative actions of the federal government, such as quotas for public education and / or PROUNI for private higher education institutions. The concept of territory has been used to understand its function for the development of young people in an ETEC that can provide rise. Bourdieu's field concepts and habitus were used here in the analysis of the information provided by the subjects, seeking to understand the reason for entering Higher Education. As research procedures, a questionnaire was used with students that met the specific characteristics and, subsequently, some were selected for semi-structured interviews. The entire research procedure took place during the class period and in the school, itself during the year 2016. The results obtained through the questionnaires and the interviews point in the direction that the choice to attend high school in a public school may be a strategy to enter higher education in free public universities or private universities. The territory was shown as a factor of interference in the choice of Sapopemba ETEC for training in high school, in the case of a public school that is the result of claims of the population of its surroundings and because it is well evaluated and therefore must have important value Symbolic for the population of the territory",https://tede2.pucsp.br/handle/handle/19578,Não informado pela instituição,Não informado pela instituição,"Lima, Leonardo José. Em busca do Ensino Superior: trajetórias e estratégias de estudantes de uma ETEC da cidade de São Paulo. 2016. 136 f. Dissertação (Mestrado em Educação: História, Política, Sociedade) - Programa de Estudos Pós-Graduados em Educação: História, Política, Sociedade, Pontifícia Universidade Católica de São Paulo, São Paulo, 2016."
"Santos, Viviane Fernandes",Não informado pela instituição,Não informado pela instituição,Não informado pela instituição,Não informado pela instituição,Não informado pela instituição,Um estudo sobre os conhecimentos de educandos em um curso técnico de edificações,2020,Centro Universitário Braz Cubas (CUB),CUB,Não informado pela instituição,Não informado pela instituição,Não informado pela instituição,Não informado pela instituição,openAccess,masterThesis,ETIM||Grandezas e medidas||Análise de Erros||CNPQ::CIENCIAS EXATAS E DA TERRA,Não informado pela instituição,por,"This work presents a qualitative study based on the researcher's teaching action, developed with 20 students from a class of the 1st year of the Integrated Building Course for High School, in the discipline of Study of Soil and Materials in Civil Construction (ESMCC), aged 14 to 17 years. For this, we conducted a case study that begins with a documentary analysis of the ESMCC discipline program to identify the scientific knowledge related to basic mathematics, necessary for the development of the discipline. Based on the data collected, we developed and applied the evaluation instrument to 20 participants, in order to identify the degree of mastery that these students have in relation to the concepts of Quantities and Measures, related to the calculation of area, volume and conversion of units of measures . These concepts are prerequisites, among others, considered important for the development of the subject in focus. To form our theoretical contribution, we look at the laws and studies on Technical Education Integrated to High School, as well as the guidelines established for its operation in the Building Course Plan. We adopted the proposal by CURY (2018), to analyze errors made by the research participants, in the tasks to be solved. The results of the research show that the participants have a level of mastery below what was expected in their current schooling phase, which interferes with the development of the contents of the technological bases of the discipline. The main errors found are related to the lack of mastery of concepts in quantities and measures, difficulties in the development of multiplication and division operations, and especially in the manipulation with decimal numbers.","SANTOS, V. F. Um estudo sobre os conhecimentos de educandos em um curso técnico de edificações. 2020.133 f. Dissertação (Mestrado em Ensino de Ciências) . São Paulo: Universidade Cruzeiro do Sul, 2020.||https://repositorio.cruzeirodosul.edu.br/handle/123456789/885",Não informado pela instituição,Não informado pela instituição,Não informado pela instituição
"Arêas, Jessica Alves de Medeiros",http://lattes.cnpq.br/6071221565612013,"Castilho, Roberto Barbosa de||Não informado pela instituição",Não informado pela instituição,"Castilho, Roberto Barbosa de||Santos, André Marque dos||Silva Junior, João Carlos Santos||Não informado pela instituição||Não informado pela instituição",Não informado pela instituição,Aprendizagem baseada em equipes como metodologia ativa de ensino para uma abordagem experimental da determinação da faixa de pH de soluções aquosas,2022,Universidade Federal Rural do Rio de Janeiro (UFRRJ),UFRRJ,Brasil,Instituto de Química,Programa de Pós-Graduação em Química em Rede Nacional,Educação||Química,openAccess,masterThesis,Acidez||Basicidade||Indicadores||Sequência didática||Aprendizagem baseada em equipes||História da Ciência,Acidity||Basicity||Indicators||Didactic sequence||Team-based learning||History of Science.,por,"Apresentar Química aos alunos do ensino médio é um grande desafio pois a disciplina é tida como algo desconexo da realidade e de difícil compreensão, e o uso de metodologias tradicionais que envolvem apenas o quadro não contribuem para melhoria desse cenário. O contexto pós-pandemia mostrou que os alunos retornaram ao modelo presencial ainda mais desmotivados e com defasagem de conteúdo. Com o objetivo de despertar nos alunos maior interesse, este trabalho aplicou uma sequência didática (SD) envolvendo uma metodologia ativa de ensino, a Aprendizagem Baseada em Equipes (ABE), com a finalidade de colocar os alunos como protagonistas da construção dos seus conhecimentos. O tema escolhido para desenvolvimento deste trabalho foi a abordagem experimental da medição do pH de soluções aquosas, a partir de indicadores ácido-base. Além de ser uma prática que chama a atenção dos alunos, é um conteúdo de fácil correlação com o cotidiano dos discentes. O referencial teórico utilizado foi a epistemologia de Gaston Bachelard, que trata das etapas da evolução do pensamento científico e dos obstáculos epistemológicos enfrentados na construção do conhecimento. A SD fez uso da história da ciência (HC) com o intuito de humanizar o ensino de química, desconstruindo a ideia de cientistas isolados em seus laboratórios, “descobrindo” aleatoriedades que são ensinadas na escola. A aplicação da SD ocorreu em duas turmas distintas da segunda série do ensino médio de um colégio particular da zona oeste da cidade do Rio de Janeiro. A SD foi pensada em níveis crescentes de complexidade, de modo que a última aula da SD fosse a culminância de todo o projeto. Os alunos se mostraram engajados durante as atividades e quando foram perguntados, após a última aula, sobre a metodologia utilizada na SD a maioria dos grupos afirmaram que se sentiram mais motivados e interessados em aprender quando perceberam nas aulas práticas a aplicação da teoria abordada nas aulas anteriores.",https://rima.ufrrj.br/jspui/handle/20.500.14407/15733,Não informado pela instituição,Não informado pela instituição,"ARÊAS, Jéssica Alves de Medeiros. Aprendizagem baseada em equipes como metodologia ativa de ensino para uma abordagem experimental da determinação da faixa de pH de soluções aquosas. 2022. 116 f. Dissertação (Mestrado Profissional em Química em Rede Nacional) - Instituto de Química, Universidade Federal Rural do Rio de Janeiro, Seropédica, RJ, 2022."
"Santos, Viviane Fernandes",http://buscatextual.cnpq.br/buscatextual/busca.do,"Santos, Cíntia Aparecida Bento dos||Não informado pela instituição",http://lattes.cnpq.br/5220332431331130||Não informado pela instituição,"Santos, Cíntia Aparecida Bento dos||Santos, Samuel Dereste||Calejon, Laura Marisa Carnielo||Não informado pela instituição||Não informado pela instituição",http://lattes.cnpq.br/5220332431331130||http://lattes.cnpq.br/5182421270093499||http://lattes.cnpq.br/8421569181332041||Não informado pela instituição||Não informado pela instituição,Um estudo sobre os conhecimentos de educandos em um curso técnico de edificações,2020,Universidade Cruzeiro do Sul (UNICSUL),UNICSUL,Brasil,Não informado pela instituição,Programa de Pós Graduação em Ensino de Matemática,CNPQ::CIENCIAS EXATAS E DA TERRA,openAccess,masterThesis,ETIM||Grandezas e medidas||Análise de Erros,Não informado pela instituição,por,"Este trabalho apresenta um estudo de natureza qualitativa embasado na ação docente da pesquisadora, desenvolvido com 20 alunos de uma turma do 1° ano do curso de Edificações Integrado ao Ensino Médio, na disciplina de Estudo do Solo e Materiais na Construção Civil (ESMCC), com idade entre 14 e 17 anos. Para isso, realizamos um estudo de caso que tem seu início em uma análise documental do programa da disciplina de ESMCC para identificar os conhecimentos científicos relacionados à matemática básica, necessários para o desenvolvimento da disciplina. Com base nos dados levantados, elaboramos e aplicamos o instrumento de avaliação à 20 participantes, a fim de identificar o grau de domínio que estes alunos têm em relação aos conceitos de Grandezas e Medidas, relacionados ao cálculo de área, volume e conversão de unidades de medidas. Estes conceitos, constituem-se em pré-requisitos, entre outros, considerados importantes para o desenvolvimento da disciplina em foco. Para formar o nosso aporte teórico, debruçamos nas leis e estudos sobre o Ensino Técnico Integrado ao Médio, assim como as diretrizes estabelecidas para seu funcionamento no Plano de Curso de Edificações. Adotamos a proposta de CURY(2018), para analisar erros cometidos pelos participantes da pesquisa, nas tarefas a serem resolvidas. Os resultados da pesquisa demostram, que os participantes apresentam um grau de domínio aquém do esperado na sua atual fase de escolarização, o que interfere no desenvolvimento dos conteúdos das bases tecnológicas da disciplina. Os principais erros encontrados estão relacionados com a falta do domínio dos conceitos em grandezas e medidas, dificuldades no desenvolvimento de operações de multiplicação e divisão, e em especial na manipulação com números decimais.",https://repositorio.cruzeirodosul.edu.br/handle/123456789/885,Não informado pela instituição,Não informado pela instituição,"SANTOS, V. F. Um estudo sobre os conhecimentos de educandos em um curso técnico de edificações. 2020.133 f. Dissertação (Mestrado em Ensino de Ciências) . São Paulo: Universidade Cruzeiro do Sul, 2020."
"Ramos, Marcele Camargo",http://lattes.cnpq.br/4463857364595092,"Oliveira, Lia Maria Teixeira de||Não informado pela instituição",http://lattes.cnpq.br/1917858404070055||Não informado pela instituição,"Oliveira, Lia Maria Teixeira de||Souza, Nádia Maria Pereira de||Arruda, Maria da Conceição Calmon||Não informado pela instituição||Não informado pela instituição",http://lattes.cnpq.br/1917858404070055||http://lattes.cnpq.br/3482614478463727||http://lattes.cnpq.br/5156007272296080||Não informado pela instituição||Não informado pela instituição,"Democratizar para resistir: o impacto do plano de apoio a planos de reestruturação e expansão das universidades federais (REUNI) na Universidade Federal Rural do Rio de Janeiro (UFRRJ), na perspectiva de expansão das licenciaturas",2021,Universidade Federal Rural do Rio de Janeiro (UFRRJ),UFRRJ,Brasil,Instituto de Agronomia,Programa de Pós-Graduação em Educação Agrícola,Educação,openAccess,masterThesis,Educação||Ensino Superior||Democratização||REUNI,Education||University education||Democratization||REUNI,por,"A educação ao mesmo tempo em que é considerada um meio de se promover o desenvolvimento social de uma nação, sempre foi palco de grandes discussões, principalmente, porque na história essa foi direcionada inicialmente para uma pequena parcela da população, considerada elites econômicas. Contudo, toma-se necessário ampliar o acesso à educação básica, mas também ao ensino superior visando incluir o cidadão no projeto de desenvolvimento social, econômico e da ciência. O presente estudo tem como objetivo analisar o Programa de Reestruturação e Expansão das Universidades Federais (REUNI) destinado a expansão do acesso e permanência da educação superior e verificar a singularidade da expansão na Universidade Federal Rural do Rio de Janeiro e sua proposta de democratização do acesso ao ensino superior e a redução das desigualdades, ampliando os cursos de Licenciatura. Para isso, foi adotada a abordagem qualitativa da pesquisa em educação, tratando a fundamentação do percurso metodológico por meio do estudo de caso. Os dados foram sendo construídos a partir de fontes primárias e secundárias segundo a técnica de documentação, que foi possível devido ao levantamento das fontes nas Pró-Reitorias da UFRRJ, além de entrevistas semiestruturadas e da revisão de literatura necessária a interpretação dos dados.",https://rima.ufrrj.br/jspui/handle/20.500.14407/12892,Não informado pela instituição,Não informado pela instituição,"RAMOS, Marcele Camargo. Democratizar para resistir: o impacto do plano de apoio a planos de reestruturação e expansão das universidades federais (REUNI) na Universidade Federal Rural do Rio de Janeiro (UFRRJ), na perspectiva de expansão das licenciaturas. 2021. 135 f. Dissertação (Mestrado em Educação Agrícola) - Instituto de Agronomia, Universidade Federal Rural do Rio de Janeiro, Seropédica, 2021."
"Amaro, Ana Caroline Chaves Manso",http://lattes.cnpq.br/6388259690368502,"Sales, Sandra Regina||Não informado pela instituição",http://lattes.cnpq.br/6700481146248917||Não informado pela instituição,"Sales, Sandra Regina||Pletsch, Márcia Denise||Maciel, Alda Maria Coimbra Aguilar||Não informado pela instituição||Não informado pela instituição",http://lattes.cnpq.br/6700481146248917||http://lattes.cnpq.br/5622440291569151||http://lattes.cnpq.br/6490973350342568||Não informado pela instituição||Não informado pela instituição,Materiais didáticos e formação profissional para jovens e adultos surdos: uma análise baseada na gramática do design visual,2023,Universidade Federal Rural do Rio de Janeiro (UFRRJ),UFRRJ,Brasil,Instituto de Educação||Instituto Multidisciplinar de Nova Iguaçu,"Programa de Pós-Graduação em Educação, Contextos Contemporâneos e Demandas Populares",Educação,openAccess,masterThesis,Educação de Surdos||Inclusão||Ensino Médio Técnico||Deaf Education||Inclusion||Technical High School,Não informado pela instituição,por,"O ingresso de estudantes surdos no Programa de Integração da Educação Profissional com a Educação Básica na Modalidade de Educação de Jovens e Adultos (Proeja) da Rede Federal de Educação Profissional, Científica e Tecnológica do Rio de Janeiro incentivado pela política de cotas, influenciou o uso da Língua Brasileira de Sinais (Libras) nessa rede. Tal inclusão, culminou em desafios político-pedagógicos para a Educação de Jovens e Adultos (EJA), para Educação Profissional Tecnológica (EPT) e para a Educação Bilíngue para Surdos (EBS). A escassez e o formato do material didático vinculado à EJA-EPT para estudantes surdos são parte importante desses desafios. Assim, este estudo tem como objetivo geral analisar as imagens contidas nos materiais didáticos utilizados por discentes surdos no Proeja de nível médio em um Instituto Federal de Educação no estado do Rio de Janeiro e como objetivos específicos a) compreender o cenário educacional e o quantitativo de matrículas em cursos de Proeja e os índices destinados aos estudantes surdos na rede federal do Rio de Janeiro, b) investigar conceitos ligados ao material didático e às estratégias de ensino visando a EJA-EPT de nível médio c) entender sobre a visualidade, a Libras, a linguagem, a pedagogia e o letramento visual e sobre a Gramática do Design Visual, d) identificar como as imagens são utilizadas nos materiais didáticos para estudantes surdos nas disciplinas técnicas em uma instituição federal. A metodologia adotada foi a abordagem qualitativa, a partir de uma pesquisa documental com base nos direcionamentos de Gil (2021), Marconi e Lakatos (2017) e Minayo (2010). Foi utilizado como técnica de investigação um questionário com perguntas semiestruturadas, a professores de um curso do Proeja em uma instituição federal, no qual foram solicitados os materiais pedagógicos utilizados com estudantes surdos entre 2017 e 2021. Após o levantamento e a catalogação dos materiais, selecionamos um jogo e uma videoaula para serem analisados e interpretados com base na Gramática do Design Visual (GDV) desenvolvida por Kress e van Leeuwen (1996). A investigação revelou que as técnicas de leitura de imagem contribuíram para identificar 1) a importância dos destaques na informação principal; 2) a disposição adequada de objetos, pessoas, textos e outras representações necessárias para a compreensão do conteúdo; 3) que as cores não são apenas quesitos estéticos, mas desempenham funções indispensáveis para transmitir intenções e atingir o público-alvo da mensagem; 4) a versão em Libras das informações em português colabora para a acessibilidade linguística e possui um nível elevado de interatividade com o leitor.",https://rima.ufrrj.br/jspui/handle/20.500.14407/18226,Não informado pela instituição,Não informado pela instituição,"AMARO, Ana Caroline Chaves Manso. Materiais didáticos e formação profissional para jovens e adultos surdos: uma análise baseada na Gramática do Design Visual. 2023. 198 f. Dissertação (Mestrado em Educação, Contextos Contemporâneos e Demandas Populares) - Instituto de Educação/Instituto Multidisciplinar, Universidade Federal Rural do Rio de Janeiro, Seropédica/Nova Iguaçu, RJ. 2023."
"Santos, Catarina Cerqueira de Freitas",http://lattes.cnpq.br/1747853991109365,"Pereira, Rodrigo da Silva||Não informado pela instituição",http://lattes.cnpq.br/6321674512843602||Não informado pela instituição,"Pereira, Rodrigo da Silva||Silveira, Éder da Silva||Cunha, Maria Couto||Jesus, Marta Lícia Teles Brito de||Coelho, Ligia Martha Coimbra da Costa",http://lattes.cnpq.br/6321674512843602||http://lattes.cnpq.br/9314328600981486||http://lattes.cnpq.br/7809492642145089||http://lattes.cnpq.br/2445300469239243||http://lattes.cnpq.br/4550861408643613,Educação (em tempo) integral? Uma análise do programa de Fomento às escolas de Ensino médio de tempo integral (EMTI) frente às políticas de ensino de tempo integral da rede estadual da Bahia (2017-2022),2023,Universidade Federal da Bahia (UFBA),UFBA,Brasil,Faculdade de Educação,Programa de Pós-Graduação em Educação (PPGE) ,Ciências humanas||Educação||Planejamento e avaliação educacional||Política educacional,openAccess,doctoralThesis,Política Educacional||Escolas de Tempo Integral||Educação Integral||Ensino Médio,Não informado pela instituição,por,"Esta tese tem como objeto o Programa de Fomento às Escolas de Ensino Médio em Tempo Integral - EMTI, instituído por meio da Portaria do Ministério da Educação - MEC nº 1.145/2016, e posteriormente regido pelas Portarias MEC nº 727/2017, nº 1.023/2018, e nº 2.116/2019. O objetivo geral da pesquisa é analisar como as contradições produzidas a partir da apropriação da educação integral por uma política de ensino em tempo integral se materializam no Programa de Fomento às Escolas de Ensino Médio de Tempo Integral no contexto da rede estadual da Bahia (2017-2022). Esse objetivo geral se desdobra nos seguintes objetivos específicos: a) Identificar as estratégias do Estado na promoção de uma educação voltada à sociabilidade neoliberal; b) Apresentar as diferentes concepções da educação integral presentes no pensamento pedagógico brasileiro e nas políticas educacionais do século XXI, em articulação com seus objetivos de formação e projeto de sociedade; c) Contextualizar as disputas em torno do Ensino Médio brasileiro, caracterizando a ampliação do tempo escolar presente na legislação que ampara o Programa de Fomento EMTI; d) Descrever as políticas de tempo integral existentes na rede estadual da Bahia anteriores à implementação do Programa de Fomento EMTI; e e) Analisar as especificidades do Programa Baiano de Educação Integral Anísio Teixeira e suas correlações com o Programa de Fomento EMTI. O percurso teórico-metodológico adotado partiu das contribuições do materialismo histórico-dialético, e a análise de conteúdo foi a técnica utilizada para apreciação, tanto dos documentos normativos federais e estaduais quanto das entrevistas semiestruturadas realizadas com representantes da Secretaria. Sustentou-se que o Programa de Fomento EMTI intensifica um processo em curso de ressignificação da concepção de educação integral em direção à uma formação restrita, fragmentada e gerencial, produzindo um recuo em relação 